Job_Title,Job_Category,ISCO_4,ISCO_3,ISCO_2,ISCO_4_name,State,City,Company_Name,Employer_Category,Date_Posted,Employment_type,Salary,Description,Requirements,Benefits,Work_Type,Sector,Date_Scraped,Job_URL,Job_ID,ISCO_Source,ISCO_Reclassified,Employer_Type_Raw,Employer_ISIC_4,Employer_Category_Confidence_Level,Employer_ISIC_2,Country
Site Civil Engineer,Civil Engineers,2142,214,21,Civil Engineers,,,Dar wa Emaar,Community Development and Urban Planning,2026-09-28,,,,,,,construction,2026-10-07,https://www.linkedin.com/jobs/view/site-civil-engineer-at-dar-wa-emaar-4472719458,501188485,Lexicon,No,Community Development and Urban Planning,,,,Saudi Arabia
Civil Site Engineer,Civil Engineers,2142,214,21,Civil Engineers,,,DAR AL RIYADH,,2026-09-18,,,,,,,construction,2026-10-07,https://www.learn4good.com/jobs/riyadh/saudiarabia/engineering/5480085996/e/,499468768,Lexicon,No,,,,,Saudi Arabia
Site Civil Engineer,Civil Engineers,2142,214,21,Civil Engineers,,,UCC Holding,Construction,2026-09-13,,,,,,,construction,2026-10-07,https://www.learn4good.com/jobs/riyadh/saudiarabia/construction/5468467287/e/,395523616,Lexicon,No,Construction,,,,Saudi Arabia
Site Civil Engineer,Civil Engineers,2142,214,21,Civil Engineers,,,ELSEWEDY ELECTRIC,"Appliances, Electrical, and Electronics Manufacturing",2026-09-24,,,,,,,construction,2026-10-07,https://www.learn4good.com/jobs/riyadh/saudiarabia/construction/5490625580/e/,500316521,Lexicon,No,"Appliances, Electrical, and Electronics Manufacturing",,,,Saudi Arabia
Site Civil Engineer,Civil Engineers,2142,214,21,Civil Engineers,,,UCC Holding,Construction,2026-08-31,,,,,,,construction,2026-10-07,https://www.linkedin.com/jobs/view/site-civil-engineer-at-ucc-holding-4461085196,355769692,Lexicon,No,Construction,,,,Saudi Arabia
Site Civil Engineer,Civil Engineers,2142,214,21,Civil Engineers,,,ELSEWEDY ELECTRIC,"Appliances, Electrical, and Electronics Manufacturing",2026-09-18,,,,,,,construction,2026-10-07,https://www.linkedin.com/jobs/view/site-civil-engineer-at-elsewedy-electric-4468396912,486214525,Lexicon,No,"Appliances, Electrical, and Electronics Manufacturing",,,,Saudi Arabia
Civil Site Engineer,Civil Engineers,2142,214,21,Civil Engineers,,,Dar Al Riyadh Group,,2026-09-10,,,,,,,construction,2026-10-07,https://www.learn4good.com/jobs/riyadh/saudiarabia/engineering/5460657129/e/,468023948,Lexicon,No,,,,,Saudi Arabia
Site Civil Engineer,Civil Engineers,2142,214,21,Civil Engineers,,,Confidential Careers,,2026-09-24,,,,,,,construction,2026-10-07,https://www.learn4good.com/jobs/ahmadi/kuwait/construction/5490625491/e/,497614554,Lexicon,No,,,,,Kuwait
Site Civil Engineer,Civil Engineers,2142,214,21,Civil Engineers,,,AtkinsRéalis,Engineering Services,2026-09-04,,,,,,,construction,2026-10-07,https://www.linkedin.com/jobs/view/site-civil-engineer-at-atkinsr%C3%A9alis-4462889418,450793001,Lexicon,No,Engineering Services,,,,Saudi Arabia
Civil Site Engineer,Civil Engineers,2142,214,21,Civil Engineers,,,Gulf Contracting & Landscaping (GCL),Construction,2026-09-14,,,,,,,construction,2026-10-07,https://www.linkedin.com/jobs/view/civil-site-engineer-at-gulf-contracting-landscaping-gcl-4463974571,485882505,Lexicon,No,Construction,,,,United Arab Emirates
Site Civil Engineer,Civil Engineers,2142,214,21,Civil Engineers,,,PeopleStrong,,2026-09-23,,,,,,,construction,2026-10-07,https://www.learn4good.com/jobs/abu-dhabi/uae/engineering/5489499562/e/,497858335,Lexicon,No,,,,,United Arab Emirates
Site Engineer - Civil,Civil Engineers,2142,214,21,Civil Engineers,,,Larsen & Toubro,Executive Offices,2026-08-12,,,,,,,construction,2026-10-07,https://www.linkedin.com/jobs/view/site-engineer-civil-at-larsen-toubro-4452447762,396325478,Lexicon,No,Executive Offices,,,,United Arab Emirates
Civil Site Engineer,Civil Engineers,2142,214,21,Civil Engineers,,,C2HR GLOBAL LLC,Human Resources Services,2026-07-29,,,,,,,construction,2026-10-07,https://www.learn4good.com/jobs/doha/qatar/engineering/5316635532/e/,307343812,Lexicon,No,Human Resources Services,,,,Qatar
Civil Site Engineer,Civil Engineers,2142,214,21,Civil Engineers,,,Archirodon Group N.V.,Construction,2026-07-29,,,,,,,construction,2026-10-07,https://ae.indeed.com/viewjob?jk=f94acbe8989bf16a,305850618,Lexicon,No,Construction,,,,United Arab Emirates
Civil Site Engineer,Civil Engineers,2142,214,21,Civil Engineers,,,KAD Construction,,2026-09-09,,,,,,,construction,2026-10-07,https://www.learn4good.com/jobs/abu-dhabi/uae/construction/5458705897/e/,462615454,Lexicon,No,,,,,United Arab Emirates
Civil Site Engineer,Civil Engineers,2142,214,21,Civil Engineers,,,Al Musahim Investment LLC - Sole Proprietorship LLC,,2026-09-10,,,,,,,construction,2026-10-07,https://www.learn4good.com/jobs/abu-dhabi/uae/construction/5460658928/e/,468557945,Lexicon,No,,,,,United Arab Emirates
Jr. Quantity Surveyor- Mechanical,Civil Engineering Technicians,3112,311,31,Civil Engineering Technicians,,,MTEC Electromechanical Works LLC,Construction,2026-09-13,,,,,,,construction,2026-10-07,https://www.learn4good.com/jobs/abu-dhabi/uae/construction/5468467943/e/,472452878,Lexicon,No,Construction,,,,United Arab Emirates
Civil Site Engineer,Civil Engineers,2142,214,21,Civil Engineers,,,Archirodon Group N.V.,Construction,2026-09-21,,,,,,,construction,2026-10-07,https://www.learn4good.com/jobs/abu-dhabi/uae/construction/5483090837/e/,498751858,Lexicon,No,Construction,,,,United Arab Emirates
Civil Site Engineer,Civil Engineers,2142,214,21,Civil Engineers,,,Luxury Castle Contracting & General Maintenance LLC-SC,,2026-09-01,,,,,,,construction,2026-10-07,https://www.learn4good.com/jobs/abu-dhabi/uae/construction/5410455430/e/,443172621,Lexicon,No,,,,,United Arab Emirates
Site Civil Engineer,Civil Engineers,2142,214,21,Civil Engineers,,,Larsen & Toubro,Executive Offices,2026-09-21,,,,,,,construction,2026-10-07,https://www.linkedin.com/jobs/view/site-civil-engineer-at-larsen-toubro-4469890160,484561967,Lexicon,No,Executive Offices,,,,United Arab Emirates
