Job_Title,Job_Category,ISCO_4,ISCO_3,ISCO_2,ISCO_4_name,State,City,Company_Name,Employer_Category,Date_Posted,Employment_type,Salary,Description,Requirements,Benefits,Work_Type,Sector,Date_Scraped,Job_URL,Job_ID,ISCO_Source,ISCO_Reclassified,Country
Aged Care Worker,Health Care Assistants,5321,532,53,Health Care Assistants,,,Raffles Services Group,,2026-08-18,Full-time,,,,,,healthcare,2026-10-01,https://www.adzuna.com.au/details/5845636440,439359847,Lexicon,No,Australia
Aged Care Worker,Health Care Assistants,5321,532,53,Health Care Assistants,,,St. Basil's Homes NSW/ACT,,2026-09-18,Full-time,,,,,,healthcare,2026-10-01,https://www.adzuna.com.au/details/5888740350,485534214,Lexicon,No,Australia
Aged Care Worker,Health Care Assistants,5321,532,53,Health Care Assistants,,,Pink Comfort,Medical Practices,2026-08-17,Temporary,,,,,,healthcare,2026-10-01,https://au.indeed.com/viewjob?jk=a836fa403d4e9f51,415907926,Lexicon,No,Australia
Aged Care Worker,Health Care Assistants,5321,532,53,Health Care Assistants,,,Right at Home,,2026-07-26,Full-time,,,,,,healthcare,2026-10-01,https://www.adzuna.com.au/details/5815919174,387383518,Lexicon,No,Australia
Aged Care Worker,Health Care Assistants,5321,532,53,Health Care Assistants,,,Southern Support Family,Home Health Care Services,2026-07-24,Full-time,,,,,,healthcare,2026-10-01,https://www.adzuna.com.au/details/5812822621,301640727,Lexicon,No,Australia
Aged Care Worker,Health Care Assistants,5321,532,53,Health Care Assistants,,,MACARTHUR CONNECT LTD,Mental Health Care,2026-09-23,Full-time,,,,,,healthcare,2026-10-01,https://www.adzuna.com.au/details/5894015340,489070918,Lexicon,No,Australia
Aged Care Worker,Health Care Assistants,5321,532,53,Health Care Assistants,,,Pink Comfort,Medical Practices,2026-08-25,Temporary,,,,,,healthcare,2026-10-01,https://au.indeed.com/viewjob?jk=ecccc24ebf699555,428725763,Lexicon,No,Australia
Aged Care Worker,Health Care Assistants,5321,532,53,Health Care Assistants,,,Southern Support Family,Home Health Care Services,2026-07-24,Full-time,,,,,,healthcare,2026-10-01,https://www.adzuna.com.au/details/5812822621,413125009,Lexicon,No,Australia
Aged Care Worker,Health Care Assistants,5321,532,53,Health Care Assistants,,,Raffles Services Group,,2026-08-22,Full-time,,,,,,healthcare,2026-10-01,https://www.adzuna.com.au/details/5851606999,439646593,Lexicon,No,Australia
Aged Care Worker,Health Care Assistants,5321,532,53,Health Care Assistants,,,Raffles Services Group,,2026-08-22,Full-time,,,,,,healthcare,2026-10-01,https://www.adzuna.com.au/details/5851607078,437474046,Lexicon,No,Australia
Aged Care Worker,Health Care Assistants,5321,532,53,Health Care Assistants,,,St. Basil's Homes NSW/ACT,,2026-09-18,Full-time,,,,,,healthcare,2026-10-01,https://www.adzuna.com.au/details/5888740350,486509764,Lexicon,No,Australia
Aged Care Worker,Health Care Assistants,5321,532,53,Health Care Assistants,,,Pink Comfort,Medical Practices,2026-09-09,Temporary,,,,,,healthcare,2026-10-01,https://au.indeed.com/viewjob?jk=ea44494c5962a476,463882197,Lexicon,No,Australia
Aged Care Worker,Health Care Assistants,5321,532,53,Health Care Assistants,,,Pink Comfort,Medical Practices,2026-09-17,Temporary,,,,,,healthcare,2026-10-01,https://au.indeed.com/viewjob?jk=22a1ac98ad39edb2,487380426,Lexicon,No,Australia
Aged Care Support Worker,Health Care Assistants,5321,532,53,Health Care Assistants,,,The Benevolent Society,Individual and Family Services,2026-08-28,Full-time,,,,,,healthcare,2026-10-01,https://www.adzuna.com.au/details/5859075907,434815795,Lexicon,No,Australia
Aged Care Support Worker,Health Care Assistants,5321,532,53,Health Care Assistants,,,The Benevolent Society,Individual and Family Services,2026-07-29,Full-time,,,,,,healthcare,2026-10-01,https://www.adzuna.com.au/details/5819135793,309590838,Lexicon,No,Australia
Aged Care Support Worker,Health Care Assistants,5321,532,53,Health Care Assistants,,,The Benevolent Society,Individual and Family Services,2026-09-22,Full-time,,,,,,healthcare,2026-10-01,https://www.adzuna.com.au/details/5893438604,487306516,Lexicon,No,Australia
Aged Care Support Worker,Health Care Assistants,5321,532,53,Health Care Assistants,,,The Benevolent Society,Individual and Family Services,2026-07-15,Full-time,,,,,,healthcare,2026-10-01,https://www.adzuna.com.au/details/5800529257,285257637,Lexicon,No,Australia
Aged Care Support Worker,Health Care Assistants,5321,532,53,Health Care Assistants,,,The Benevolent Society,Individual and Family Services,2026-08-29,Full-time,,,,,,healthcare,2026-10-01,https://www.adzuna.com.au/details/5860330823,435895442,Lexicon,No,Australia
Personal Care Worker - Aged Care,Health Care Assistants,5321,532,53,Health Care Assistants,,,Australian Regional and Remote Community Services Ltd,Non-profit Organizations,2026-09-10,Full-time,,,,,,healthcare,2026-10-01,https://au.indeed.com/viewjob?jk=79ed01fbd18d0cd1,466163691,Lexicon,No,Australia
